{
  "name": "ESP32-Chimera-Core",
  "description": "Alternate library M5Stack/Odroid-Go/D-Duino and possiblly other ESP32/TFT/SD bundles",
  "keywords": ["ESP32-Chimera-Core", "M5Stack", "M5Core2", "Odroid-Go", "ttgo-ts", "d-duino-32-xs", "esp32-wrover-kit"],
  "authors": [
    {
      "name": "tobozo",
      "url": "https://github.com/tobozo"
    },
    {
      "name": "Lovyan03",
      "url": "https://github.com/Lovyan03"
    }
  ],
  "repository": {
    "type": "git",
    "url": "https://github.com/tobozo/ESP32-Chimera-Core.git"
  },
  "dependencies": [
    {
      "name": "LovyanGFX"
    }
  ],
  "version": "1.1.8",
  "framework": "arduino",
  "platforms": "espressif32"
}
